<?xml version="1.0" encoding="UTF-8"?>
<project-private xmlns="http://www.netbeans.org/ns/project-private/1">
    <editor-bookmarks xmlns="http://www.netbeans.org/ns/editor-bookmarks/2" lastBookmarkId="0"/>
    <open-files xmlns="http://www.netbeans.org/ns/projectui-open-files/2">
        <group>
            <file>file:/Users/patricia/Desktop/Projeto%20final%20-%20fase%201/src/projetofinal_aed2_lp2/Main.java</file>
            <file>file:/Users/patricia/Desktop/Projeto%20final%20-%20fase%201/src/projetofinal_aed2_lp2/Equipamento.java</file>
            <file>file:/Users/patricia/Desktop/Projeto%20final%20-%20fase%201/src/projetofinal_aed2_lp2/aux/NoMoradia.java</file>
            <file>file:/Users/patricia/Desktop/Projeto%20final%20-%20fase%201/src/projetofinal_aed2_lp2/aux/ArestaRedeEletrica.java</file>
            <file>file:/Users/patricia/Desktop/Projeto%20final%20-%20fase%201/src/projetofinal_aed2_lp2/aux/RedBlackBST_Aed2.java</file>
            <file>file:/Users/patricia/Desktop/Projeto%20final%20-%20fase%201/src/projetofinal_aed2_lp2/aux/GrafoDirigido.java</file>
        </group>
    </open-files>
</project-private>
